{
    "width": 640,
    "height": 480,
    "intrinsic_matrix": [
        616.22216796875,
        0,
        0,
        0,
        616.2462158203125,
        0,
        319.74774169921875,
        245.1669158935547,
        1
    ]
}